Workbook

Sheet All Metrics
A1: List of all metrics that have been mentioned in a total of 65 papers: 11 metric-analysis papers and 54 imputation algorithm papers. This list contains all metrics, regardless of the type of usage in the paper. The metrics are already sorted by category.
A2: Metric | B2: Full Name | C2: Category | E2: Papers (all: IMP = imputation quality) | P2: Algorithms
C3: Name | D3: Description | E3: P1 Khayati et al. 2020 | F3: P2 Nater & Khayati 2026 | G3: P3 Wang et al. 2025 | H3: P4 Richter et al. 2024 | I3: P5 Poette et al. 2026 | J3: P6 Adhikari et al. 2022 | K3: N1 Farjallah et al. 2025 | L3: N2 Huang et al. 2024 | M3: N3 Boursalie et al. 2022 | N3: N4 Díaz-González et al. 2025 | O3: N5 Dolatpour Fathkouhi et al. 2026 | P3: GPT4TS | Q3: MOMENT | R3: NuwaTS | S3: Timer | T3: UniTS | U3: MissNet | V3: MPIN | W3: BitGraph | X3: BayOTIDE | Y3: TimesNet | Z3: SAITS | AA3: PRISTI | AB3: GRIN | AC3: CSDI | AD3: DeepMVI | AE3: HKMF-T | AF3: SSGAN | AG3: GP-VAE | AH3: NAOMI | AI3: MRNN | AJ3: BRITS | AK3: GAIN | AL3: WGAN | AM3: E²GAN | AN3: SSSD | AO3: MTSIT | AP3: TIDER | AQ3: PoGeVon | AR3: CSBI | AS3: TimeCIB | AT3: FGTI | AU3: CATSI | AV3: CSAI | AW3: SST-GCN | AX3: FIM-ℓ | AY3: ReCTSi | AZ3: SSD-TS | BA3: LSCD | BB3: DMM | BC3: CDRec | BD3: TRMF | BE3: GROUSE | BF3: ROSL | BG3: SoftImpute | BH3: SVT | BI3: SPIRIT | BJ3: IterativeSVD | BK3: TKCM | BL3: STMVL | BM3: DynaMMo | BN3: IIM | BO3: XGBoost | BP3: MICE | BQ3: MissForest
A4: MAE | B4: Mean Absolute Error | C4: Pointwise Distance | D4: How large are the individual errors? | E4: IMP | H4: IMP | I4: IMP | J4: IMP | K4: IMP | N4: IMP | O4: IMP | P4: IMP + FOR | Q4: IMP + FOR | R4: IMP | S4: FOR | T4: IMP + FOR | V4: MOD + IMP | W4: TRAIN + FOR | X4: IMP | Y4: IMP + FOR | Z4: TRAIN + IMP | AA4: IMP | AB4: IMP | AC4: IMP | AD4: IMP | AF4: TRAIN + IMP | AJ4: IMP | AN4: IMP | AO4: IMP | AP4: IMP | AQ4: IMP | AR4: IMP | AT4: IMP | AV4: TRAIN + IMP | AX4: IMP | AY4: TRAIN + IMP | AZ4: IMP | BA4: IMP | BB4: IMP | BF4: IMP | BL4: IMP
A5: RMSE | B5: Root Mean Squared Error | C5: Pointwise Distance | E5: IMP | F5: IMP | H5: IMP | I5: IMP | J5: IMP | K5: IMP | M5: IMP | N5: IMP | O5: IMP | R5: IMP | U5: IMP | W5: FOR | X5: IMP | Z5: IMP | AA5: FOR | AE5: IMP | AF5: IMP | AI5: IMP | AK5: IMP | AN5: IMP | AP5: IMP | AR5: IMP | AT5: IMP | AX5: IMP | AZ5: IMP | BA5: IMP | BC5: IMP | BG5: IMP | BK5: IMP | BM5: IMP | BN5: IMP
A6: MSE | B6: Mean Squared Error | C6: Pointwise Distance | E6: IMP | H6: IMP | O6: IMP | P6: TRAIN + IMP + FOR | Q6: TRAIN + IMP + FOR | R6: TRAIN + IMP | S6: TRAIN + IMP | T6: TRAIN + IMP + FOR | V6: TRAIN | Y6: TRAIN + IMP + FOR | Z6: IMP | AA6: IMP | AB6: IMP | AC6: TRAIN | AG6: IMP | AH6: TRAIN | AI6: TRAIN | AK6: TRAIN | AL6: TRAIN + IMP | AM6: TRAIN + IMP | AN6: TRAIN + IMP | AO6: TRAIN | AQ6: IMP | AS6: IMP + FOR | AT6: TRAIN | AY6: IMP | AZ6: TRAIN + IMP | BA6: TRAIN | BB6: IMP | BI6: IMP | BM6: IMP
A7: MRE | B7: Mean Relative Error | C7: Pointwise Distance | H7: IMP | V7: IMP | Z7: IMP | AB7: IMP | AJ7: IMP | AN7: IMP | AQ7: IMP | AX7: IMP | AY7: IMP | AZ7: IMP | BL7: IMP
A8: MAPE | B8: Mean Absolute Percentage Error | C8: Pointwise Distance | P8: FOR | W8: FOR | AP8: IMP
A9: SMAPE | B9: Symmetric Mean Abs. Percentage Error | C9: Pointwise Distance | P9: FOR | Q9: FOR | Y9: FOR
A10: MASE | B10: Mean Absolute Scaled Error | C10: Pointwise Distance | P10: FOR | Y10: FOR
A11: OWA | B11: Overall Weighted Average | C11: Pointwise Distance | P11: FOR | Y11: FOR
A12: MSD | B12: Mean Signed Deviation | C12: Pointwise Distance
A13: nRMSE | B13: Normalized RMSE | C13: Pointwise Distance | AU13: IMP | BD13: IMP + FOR | BJ13: IMP | BQ13: IMP
A14: ND | B14: Normalized Deviation | C14: Pointwise Distance | P14: FOR | BD14: IMP + FOR
A15: WD | B15: Wasserstein Distance / EMD | C15: Distributional Divergence | D15: Does imputation preserve the data's distribution? | K15: IMP | L15: IMP | N15: IMP | AL15: TRAIN | AW15: IMP
A16: JSD | B16: Jensen-Shannon Divergence | C16: Distributional Divergence | K16: IMP | M16: IMP | AW16: IMP
A17: KLD | B17: KL Divergence | C17: Distributional Divergence | M17: IMP | AW17: IMP
A18: CRPS | B18: Continuous Ranked Probability Score | C18: Probabilistic | D18: Is the uncertainty in probabilistic imputations well-calibrated? | X18: IMP | AA18: IMP | AC18: IMP | AR18: IMP | AT18: IMP | AZ18: IMP
A19: NLL/K | B19: Negative Log-Likelihood (K) | C19: Probabilistic | X19: IMP | AG19: IMP | AS19: IMP
A20: ACF | B20: Autocorrelation Function | C20: Temporal Structure | D20: Does imputation preserve temporal patterns and autocorrelation? | L20: IMP | N20: IMP
A21: DTW | B21: Dynamic Time Warping | C21: Temporal Structure | O21: IMP | AE21: IMP
A22: S-MAE | B22: Scaled MAE | C22: Temporal Structure | BA22: IMP
A23: Pearson | B23: Pearson Correlation | C23: Statistical Agreement | D23: Are the two sets of values statistically equivalent?
A24: MI | B24: Mutual Information | C24: Statistical Agreement | F24: IMP
A25: R² | B25: Coefficient of Determination | C25: Statistical Agreement | J25: IMP | AX25: IMP
A26: TOST | B26: Two One-Sided Tests | C26: Statistical Agreement | N26: IMP
A27: CDT | B27: Cohen's Distance Test | C27: Statistical Agreement | M27: IMP
A28: B-A | B28: Bland-Altman Analysis | C28: Statistical Agreement | I28: IMP
A29: Accuracy | B29: Accuracy | C29: Classification/Detection | D29: Does the imputation preserve categorical or anomaly structure? | P29: CLA | Q29: CLA | T29: CLA | Y29: CLA | AJ29: CLA
A30: F1-score | B30: F1-score | C30: Classification/Detection | P30: ANO | Q30: ANO | T30: ANO | Y30: ANO | Z30: CLA
A31: VUS-ROC | B31: VUS-ROC | C31: Classification/Detection | Q31: ANO
A32: AUROC | B32: AUROC | C32: Classification/Detection | Z32: CLA | AF32: CLA | AG32: CLA | AI32: CLA | AJ32: CLA | AK32: CLA | AL32: CLA | AM32: CLA | AS32: CLA | AT32: CLA | AV32: CLA | BO32: CLA
A33: PFC | B33: PFC | C33: Domain-specific | D33: Does the imputation meet domain-specific criteria? | BQ33: IMP
A34: ζ | B34: ζ (det. similarity) | C34: Domain-specific | BE34: REC
A35: ε | B35: ε (Frobenius discrepancy) | C35: Domain-specific | BE35: REC
A37: Legend: | B37: IMP | C37: Imputation | D37: TRAIN | E37: Training | F37: FOR/CLA/ANO/REC/LEA | G37: Forecasting /Classification /Anomaly /Reconstruction /Learning

Sheet Imputation Metrics Properties
A1: IMPUTATION ALGORITHMS ONLY
A2: List of properties (specificness, ground truth requirement, number of mentions/ popularity) per imputation metric
A3: Metric | B3: Full Name | C3: Category | D3: Agnostic vs Specific | F3: Requires Ground Truth | G3: Mentions (IMP) | K3: TSI Libraries | P3: Papers (all: IMP = imputation quality) | AA3: Algorithms
G4: Papers | H4: Algos | I4: Libs | J4: Total | K4: cleanTS (Shende et al., 2022) | L4: sktime (Löning et al., 2019) | M4: amelia II (Honaker et al., 2011) | N4: PyPOTS (Du, 2023) | O4: ImputeGAP (Nater et al., 2023) | P4: P1 Khayati et al. 2020 | Q4: P2 Nater & Khayati 2026 | R4: P3 Wang et al. 2025 | S4: P4 Richter et al. 2024 | T4: P5 Poette et al. 2026 | U4: P6 Adhikari et al. 2022 | V4: N1 Farjallah et al. 2025 | W4: N2 Huang et al. 2024 | X4: N3 Boursalie et al. 2022 | Y4: N4 Díaz-González et al. 2025 | Z4: N5 Dolatpour Fathkouhi et al. 2026 | AA4: GPT4TS | AB4: MOMENT | AC4: NuwaTS | AD4: Timer | AE4: UniTS | AF4: MissNet | AG4: MPIN | AH4: BitGraph | AI4: BayOTIDE | AJ4: TimesNet | AK4: SAITS | AL4: PRISTI | AM4: GRIN | AN4: CSDI | AO4: DeepMVI | AP4: HKMF-T | AQ4: SSGAN | AR4: GP-VAE | AS4: NAOMI | AT4: MRNN | AU4: BRITS | AV4: GAIN | AW4: WGAN | AX4: E²GAN | AY4: SSSD | AZ4: MTSIT | BA4: TIDER | BB4: PoGeVon | BC4: CSBI | BD4: TimeCIB | BE4: FGTI | BF4: CATSI | BG4: CSAI | BH4: SST-GCN | BI4: FIM-ℓ | BJ4: ReCTSi | BK4: SSD-TS | BL4: LSCD | BM4: DMM | BN4: CDRec | BO4: TRMF | BP4: GROUSE | BQ4: ROSL | BR4: SoftImpute | BS4: SVT | BT4: SPIRIT | BU4: IterativeSVD | BV4: TKCM | BW4: STMVL | BX4: DynaMMo | BY4: IIM | BZ4: XGBoost | CA4: MICE | CB4: MissForest
K5: cleanTS calls imputeTestbench | L5: sktime/sktime/performance_metrics/forecasting/ | M5: no classic imputation metrics implemented | N5: pypots/nn/functional/error.py | O5: imputegap/recovery/evaluation.py | P5: +1 | Q5: +1 | R5: +1 | S5: +1 | T5: +1 | U5: +1 | V5: 0 | W5: 0 | X5: +1 | Y5: +1 | Z5: 0 | AA5: +1 | AB5: +1 | AC5: 0 | AD5: +1 | AE5: +1 | AF5: +1 | AG5: +1 | AH5: +1 | AI5: +1 | AJ5: +1 | AK5: +1 | AL5: +1 | AM5: +1 | AN5: +1 | AO5: +1 | AP5: +1 | AQ5: +1 | AR5: +1 | AS5: +1 | AT5: +1 | AU5: +1 | AV5: +1 | AW5: +1 | AX5: +1 | AY5: +1 | AZ5: +1 | BA5: +1 | BB5: +1 | BC5: +1 | BD5: +1 | BE5: +1 | BF5: +1 | BG5: 0 | BH5: +1 | BI5: +1 | BJ5: +1 | BK5: +1 | BL5: +1 | BM5: 0 | BN5: +1 | BO5: +1 | BP5: +1 | BQ5: +1 | BR5: +1 | BS5: +1 | BT5: +1 | BU5: +1 | BV5: +1 | BW5: +1 | BX5: +1 | BY5: +1 | BZ5: +1 | CA5: +1 | CB5: +1
P6: 2020 | Q6: 2026 | R6: 2025 | S6: 2024 | T6: 2026 | U6: 2022 | V6: 2025 | W6: 2024 | X6: 2022 | Y6: 2025 | Z6: 2026 | AA6: 2023 | AB6: 2025 | AC6: 2024 | AD6: 2024 | AE6: 2024 | AF6: 2024 | AG6: 2024 | AH6: 2024 | AI6: 2024 | AJ6: 2023 | AK6: 2023 | AL6: 2023 | AM6: 2022 | AN6: 2021 | AO6: 2021 | AP6: 2021 | AQ6: 2021 | AR6: 2020 | AS6: 2019 | AT6: 2019 | AU6: 2018 | AV6: 2018 | AW6: 2018 | AX6: 2019 | AY6: 2023 | AZ6: 2022 | BA6: 2023 | BB6: 2023 | BC6: 2023 | BD6: 2024 | BE6: 2024 | BF6: 2020 | BG6: 2026 | BH6: 2022 | BI6: 2025 | BJ6: 2024 | BK6: 2025 | BL6: 2025 | BM6: 2025 | BN6: 2020 | BO6: 2016 | BP6: 2016 | BQ6: 2014 | BR6: 2010 | BS6: 2010 | BT6: 2005 | BU6: 2001 | BV6: 2017 | BW6: 2016 | BX6: 2009 | BY6: 2019 | BZ6: 2016 | CA6: 2011 | CB6: 2012
A7: MAE | B7: Mean Absolute Error | C7: Pointwise Distance | D7: Agnostic | E7: Algorithm agnostic. Works with any algorithm type; almost always agrees with RMSE on rankings. | F7: Yes | G7: =COUNTA(P7:Z7) -> 7 | H7: =SUMPRODUCT(--ISNUMBER(SEARCH("IMP",AA7:CB7))) -> 28 | I7: =COUNTA(K7:O7) -> 4 | J7: =G7+H7+I7 -> 39 | K7: imputeTestbench/R/error_functions.R | L7: _mae.py | N7: calc_mae | O7: compute_mae | P7: IMP | S7: IMP | T7: IMP | U7: IMP | V7: IMP | Y7: IMP | Z7: IMP | AA7: IMP + FOR | AB7: IMP + FOR | AC7: IMP | AD7: FOR | AE7: IMP + FOR | AG7: MOD + IMP | AH7: TRAIN + FOR | AI7: IMP | AJ7: IMP + FOR | AK7: TRAIN + IMP | AL7: IMP | AM7: IMP | AN7: IMP | AO7: IMP | AQ7: TRAIN + IMP | AU7: IMP | AY7: IMP | AZ7: IMP | BA7: IMP | BB7: IMP | BC7: IMP | BE7: IMP | BG7: TRAIN + IMP | BI7: IMP | BJ7: TRAIN + IMP | BK7: IMP | BL7: IMP | BM7: IMP | BQ7: IMP | BW7: IMP
A8: RMSE | B8: Root Mean Squared Error | C8: Pointwise Distance | D8: Agnostic | E8: Algorithm agnostic. The most universally used pointwise error metric; applied across all algorithm types (statistical, deep learning, matrix completion, probabilistic). Requires ground truth. | F8: Yes | G8: =COUNTA(P8:Z8) -> 9 | H8: =SUMPRODUCT(--ISNUMBER(SEARCH("IMP",AA8:CB8))) -> 20 | I8: =COUNTA(K8:O8) -> 4 | J8: =G8+H8+I8 -> 33 | K8: imputeTestbench/R/error_functions.R | L8: _mse.py (root=true) | N8: calc_rmse | O8: compute_rmse | P8: IMP | Q8: IMP | S8: IMP | T8: IMP | U8: IMP | V8: IMP | X8: IMP | Y8: IMP | Z8: IMP | AC8: IMP | AF8: IMP | AH8: FOR | AI8: IMP | AK8: IMP | AL8: FOR | AP8: IMP | AQ8: IMP | AT8: IMP | AV8: IMP | AY8: IMP | BA8: IMP | BC8: IMP | BE8: IMP | BI8: IMP | BK8: IMP | BL8: IMP | BN8: IMP | BR8: IMP | BV8: IMP | BX8: IMP | BY8: IMP
A9: MSE | B9: Mean Squared Error | C9: Pointwise Distance | D9: Agnostic | E9: Algorithm agnostic. Mathematically identical to RMSE before the square root; applicable to any algorithm. The docs flag it as redundant with RMSE (same information, harder to interpret), but it's not restricted to any algorithm type. | F9: Yes | G9: =COUNTA(P9:Z9) -> 3 | H9: =SUMPRODUCT(--ISNUMBER(SEARCH("IMP",AA9:CB9))) -> 20 | I9: =COUNTA(K9:O9) -> 2 | J9: =G9+H9+I9 -> 25 | L9: _mse.py | N9: calc_mse | P9: IMP | S9: IMP | Z9: IMP | AA9: TRAIN + IMP + FOR | AB9: TRAIN + IMP + FOR | AC9: TRAIN + IMP | AD9: TRAIN + IMP | AE9: TRAIN + IMP + FOR | AG9: TRAIN | AJ9: TRAIN + IMP + FOR | AK9: IMP | AL9: IMP | AM9: IMP | AN9: TRAIN | AR9: IMP | AS9: TRAIN | AT9: TRAIN | AV9: TRAIN | AW9: TRAIN + IMP | AX9: TRAIN + IMP | AY9: TRAIN + IMP | AZ9: TRAIN | BB9: IMP | BD9: IMP + FOR | BE9: TRAIN | BJ9: IMP | BK9: TRAIN + IMP | BL9: TRAIN | BM9: IMP | BT9: IMP | BX9: IMP
A10: MRE | B10: Mean Relative Error | C10: Pointwise Distance | D10: Data Constraint | E10: Algorithm agnostic, but has a data constraint: only valid for strictly positive-valued, non-standardised datasets (breaks when true values are zero or near-zero). Works with any algorithm on datasets that meet this condition. | F10: Yes | G10: =COUNTA(P10:Z10) -> 1 | H10: =SUMPRODUCT(--ISNUMBER(SEARCH("IMP",AA10:CB10))) -> 10 | I10: =COUNTA(K10:O10) -> 1 | J10: =G10+H10+I10 -> 12 | N10: calc_mre | S10: IMP | AG10: IMP | AK10: IMP | AM10: IMP | AU10: IMP | AY10: IMP | BB10: IMP | BI10: IMP | BJ10: IMP | BK10: IMP | BW10: IMP
A11: MAPE | B11: Mean Absolute Percentage Error | C11: Pointwise Distance | D11: Agnostic | E11: Algorithm agnostic, with the same data constraint as MRE (division by zero when true values are zero). Mathematically MRE × 100 — the docs treat it as fully redundant with MRE. | F11: Yes | G11: =COUNTA(P11:Z11) -> 0 | H11: =SUMPRODUCT(--ISNUMBER(SEARCH("IMP",AA11:CB11))) -> 1 | I11: =COUNTA(K11:O11) -> 2 | J11: =G11+H11+I11 -> 3 | K11: imputeTestbench/R/error_functions.R | L11: _mape.py | AA11: FOR | AH11: FOR | BA11: IMP
A12: nRMSE | B12: Normalized RMSE | C12: Pointwise Distance | D12: Agnostic | E12: Algorithm agnostic. RMSE normalised by either the mean or standard deviation of the true values to make it comparable across scales. Used in matrix completion (SVDimpute) and non-parametric (MissForest), but works with any algorithm. | F12: Yes | G12: =COUNTA(P12:Z12) -> 0 | H12: =SUMPRODUCT(--ISNUMBER(SEARCH("IMP",AA12:CB12))) -> 4 | I12: =COUNTA(K12:O12) -> 0 | J12: =G12+H12+I12 -> 4 | BF12: IMP | BO12: IMP + FOR | BU12: IMP | CB12: IMP
A13: ND | B13: Normalized Deviation | C13: Pointwise Distance | D13: Agnostic | E13: Algorithm agnostic. A normalised form of MAE (sum of absolute errors divided by sum of true values). Used in matrix factorization contexts (TRMF) because datasets span very different value ranges, but mathematically applicable to any algorithm. | F13: Yes | G13: =COUNTA(P13:Z13) -> 0 | H13: =SUMPRODUCT(--ISNUMBER(SEARCH("IMP",AA13:CB13))) -> 1 | I13: =COUNTA(K13:O13) -> 0 | J13: =G13+H13+I13 -> 1 | AA13: FOR | BO13: IMP + FOR
A14: WD | B14: Wasserstein Distance / EMD | C14: Distributional Divergence | D14: Agnostic | E14: Algorithm agnostic. Compares the full value distribution of any algorithm's output to the true distribution. Uniquely can be applied without ground truth (by comparing imputed distribution to observed distribution). Works with all algorithm types. | F14: No | G14: =COUNTA(P14:Z14) -> 3 | H14: =SUMPRODUCT(--ISNUMBER(SEARCH("IMP",AA14:CB14))) -> 1 | I14: =COUNTA(K14:O14) -> 0 | J14: =G14+H14+I14 -> 4 | V14: IMP | W14: IMP | Y14: IMP | AW14: TRAIN | BH14: IMP
A15: JSD | B15: Jensen-Shannon Divergence | C15: Distributional Divergence | D15: Agnostic | E15: Algorithm agnostic. Like WD, compares distributions and works with or without ground truth. Works with all algorithm types; particularly sensitive to failures in deep learning / GAN-based methods, but applicable to any algorithm. | F15: No | G15: =COUNTA(P15:Z15) -> 2 | H15: =SUMPRODUCT(--ISNUMBER(SEARCH("IMP",AA15:CB15))) -> 1 | I15: =COUNTA(K15:O15) -> 0 | J15: =G15+H15+I15 -> 3 | V15: IMP | X15: IMP | BH15: IMP
A16: KLD | B16: KL Divergence | C16: Distributional Divergence | D16: Agnostic | E16: Algorithm agnostic in principle, but the docs exclude it from benchmarking because it is fully superseded by JSD (KLD is asymmetric and undefined when distributions don't overlap; JSD was specifically designed to fix both problems). Technically applicable to any algorithm, but not recommended. | F16: No | G16: =COUNTA(P16:Z16) -> 1 | H16: =SUMPRODUCT(--ISNUMBER(SEARCH("IMP",AA16:CB16))) -> 1 | I16: =COUNTA(K16:O16) -> 0 | J16: =G16+H16+I16 -> 2 | X16: IMP | BH16: IMP
A17: CRPS | B17: Continuous Ranked Probability Score | C17: Probabilistic | D17: Specific (Probabilistic Algorithms Only) | E17: Probabilistic algorithms only. CRPS evaluates the full predictive distribution across all quantile levels, rewarding both accuracy and calibration simultaneously. It requires an algorithm to output a distribution, not just a point estimate. The docs are explicit: "used only for BayOTIDE and probabilistic baselines." It cannot be applied to deterministic algorithms (linear interpolation, matrix factorization, most deep learning models that produce point estimates). | F17: Yes | G17: =COUNTA(P17:Z17) -> 0 | H17: =SUMPRODUCT(--ISNUMBER(SEARCH("IMP",AA17:CB17))) -> 6 | I17: =COUNTA(K17:O17) -> 1 | J17: =G17+H17+I17 -> 7 | N17: calc_quantile_crps // calc_quantile_crps_sum | AI17: IMP | AL17: IMP | AN17: IMP | BC17: IMP | BE17: IMP | BK17: IMP
A18: NLL/K | B18: Negative Log-Likelihood (K) | C18: Probabilistic | D18: Specific (Probabilistic Algorithms Only) | E18: Probabilistic algorithms only. Negative log-likelihood per dimension measures how probable the true missing values are under the algorithm's learned posterior distribution. This requires the algorithm to produce a full posterior distribution over missing values. Inapplicable to any deterministic algorithm. | F18: Yes | G18: =COUNTA(P18:Z18) -> 0 | H18: =SUMPRODUCT(--ISNUMBER(SEARCH("IMP",AA18:CB18))) -> 3 | I18: =COUNTA(K18:O18) -> 0 | J18: =G18+H18+I18 -> 3 | AI18: IMP | AR18: IMP | BD18: IMP
A19: ACF | B19: Autocorrelation Function | C19: Temporal Structure | D19: Agnostic | E19: Algorithm agnostic. Compares the autocorrelation structure of any algorithm's imputed series against the ground truth. Works with any algorithm; requires ground truth. | F19: Yes | G19: =COUNTA(P19:Z19) -> 2 | H19: =SUMPRODUCT(--ISNUMBER(SEARCH("IMP",AA19:CB19))) -> 0 | I19: =COUNTA(K19:O19) -> 0 | J19: =G19+H19+I19 -> 2 | W19: IMP | Y19: IMP
A20: DTW | B20: Dynamic Time Warping | C20: Temporal Structure | D20: Agnostic | E20: Algorithm agnostic. Measures morphological/shape similarity between any algorithm's output and the ground truth sequence. Particularly valuable for catching the "RMSE Mirage" (algorithms that flatten peaks to score well on RMSE). Applicable to any time series imputation algorithm. | F20: Yes | G20: =COUNTA(P20:Z20) -> 1 | H20: =SUMPRODUCT(--ISNUMBER(SEARCH("IMP",AA20:CB20))) -> 1 | I20: =COUNTA(K20:O20) -> 0 | J20: =G20+H20+I20 -> 2 | Z20: IMP | AP20: IMP
A21: S-MAE | B21: Scaled MAE | C21: Temporal Structure | D21: Partially Meaningful | E21: Algorithm agnostic in principle (it measures the MAE between the normalised Power Spectral Density of any algorithm's output vs. ground truth), but it's a domain-specific metric for signals where frequency structure matters. It only appears in one paper (LSCD), introduced specifically to validate a spectral-conditioning algorithm. You can apply it to any algorithm's output, but it only adds meaningful information if the task requires preserving frequency content. | F21: Yes | G21: =COUNTA(P21:Z21) -> 0 | H21: =SUMPRODUCT(--ISNUMBER(SEARCH("IMP",AA21:CB21))) -> 1 | I21: =COUNTA(K21:O21) -> 0 | J21: =G21+H21+I21 -> 1 | BL21: IMP
A22: Pearson | B22: Pearson Correlation | C22: Statistical Agreement | D22: Agnostic | E22: Algorithm agnostic. Pearson correlation measures the linear dependency between imputed and true values, which is an operation you can perform on the output of any algorithm regardless of type. | F22: Yes | G22: =COUNTA(P22:Z22) -> 0 | H22: =SUMPRODUCT(--ISNUMBER(SEARCH("IMP",AA22:CB22))) -> 0 | I22: =COUNTA(K22:O22) -> 1 | J22: =G22+H22+I22 -> 1 | O22: compute_correlation
A23: MI | B23: Mutual Information | C23: Statistical Agreement | D23: Agnostic | E23: Algorithm agnostic. Measures statistical dependency (including nonlinear) between imputed and true values. Works with any algorithm's output. | F23: Yes | G23: =COUNTA(P23:Z23) -> 1 | H23: =SUMPRODUCT(--ISNUMBER(SEARCH("IMP",AA23:CB23))) -> 0 | I23: =COUNTA(K23:O23) -> 1 | J23: =G23+H23+I23 -> 2 | O23: compute_mi | Q23: IMP
A24: R² | B24: Coefficient of Determination | C24: Statistical Agreement | D24: Agnostic | E24: Algorithm agnostic. Applies to any algorithm's point estimates; adds a baseline-relative signal that RMSE and MAE don't provide. | F24: Yes | G24: =COUNTA(P24:Z24) -> 1 | H24: =SUMPRODUCT(--ISNUMBER(SEARCH("IMP",AA24:CB24))) -> 1 | I24: =COUNTA(K24:O24) -> 0 | J24: =G24+H24+I24 -> 2 | U24: IMP | BI24: IMP
A25: TOST | B25: Two One-Sided Tests | C25: Statistical Agreement | D25: Agnostic | E25: Algorithm agnostic technically (it's a statistical equivalence test on means, applicable to any algorithm's output), but the docs flag two major limitations: it only tests means (not full distributions), and it requires a domain-specific tolerance threshold Δ (e.g. ±10% for air quality). This makes it unsuitable for general cross-algorithm benchmarking; it's best used in specific clinical or regulatory contexts. | F25: Yes | G25: =COUNTA(P25:Z25) -> 1 | H25: =SUMPRODUCT(--ISNUMBER(SEARCH("IMP",AA25:CB25))) -> 0 | I25: =COUNTA(K25:O25) -> 0 | J25: =G25+H25+I25 -> 1 | Y25: IMP
A26: B-A | B26: Bland-Altman Analysis | C26: Statistical Agreement | D26: Agnostic | E26: Algorithm agnostic technically (Bland-Altman is a graphical clinical agreement tool applicable to any two methods), but the docs exclude it from benchmarking because its output is inherently graphical and non-scalar — it cannot produce a single number to rank algorithms across datasets. It's the right tool for clinical validation of a specific pair of methods, not for systematic cross-algorithm comparison. | F26: Yes | G26: =COUNTA(P26:Z26) -> 1 | H26: =SUMPRODUCT(--ISNUMBER(SEARCH("IMP",AA26:CB26))) -> 0 | I26: =COUNTA(K26:O26) -> 0 | J26: =G26+H26+I26 -> 1 | T26: IMP
A27: CDT | B27: Cohen's Distance Test | C27: Statistical Agreement | D27: Agnostic | E27: Algorithm agnostic technically (Cohen's d measures mean difference between any two groups), but the docs exclude it from benchmarking because it behaves like RMSE in practice (both fail to detect distributional failures) and is fully superseded by RMSE + WD/JSD together. | F27: Yes | G27: =COUNTA(P27:Z27) -> 1 | H27: =SUMPRODUCT(--ISNUMBER(SEARCH("IMP",AA27:CB27))) -> 0 | I27: =COUNTA(K27:O27) -> 0 | J27: =G27+H27+I27 -> 1 | X27: IMP
A28: PFC | B28: PFC | C28: Domain-specific | D28: Specific (Categorical Variables Only) | E28: Categorical variables only (not algorithm-specific, but data-type-specific). PFC measures the fraction of missing categorical entries assigned the wrong class. It's the natural counterpart to nRMSE for mixed-type datasets: nRMSE is used for continuous variables and PFC for categorical ones. Any algorithm that handles categorical imputation can be evaluated with it; it simply cannot be applied to continuous data. | F28: Yes | G28: =COUNTA(P28:Z28) -> 0 | H28: =SUMPRODUCT(--ISNUMBER(SEARCH("IMP",AA28:CB28))) -> 1 | I28: =COUNTA(K28:O28) -> 0 | J28: =G28+H28+I28 -> 1 | CB28: IMP

Sheet Scoring
A1: IMPUTATION METRIC SCORING
A3: SCORING WEIGHTS
A4: W1 Venue paper mention | B4: 3 | C4: Mention in a venue-published metric-analysis paper. Venue status is marked +1 in row 5 of the properties sheet, not by the P/N column label: N3 (Boursalie, Exp. Biol. Med. 247) and N4 (Diaz-Gonzalez, AI 6(9)) are journal-published.
A5: W2 arXiv paper mention | B5: 1 | C5: Mention in an arXiv-only metric-analysis paper: N1 (Farjallah), N2 (Huang), N5 (Dolatpour Fathkouhi).
A6: W3 Venue algorithm mention | B6: 1 | C6: Used in a venue-published imputation algorithm paper
A7: W4 arXiv algorithm mention | B7: 0.5 | C7: Used in an arXiv-only imputation algorithm paper
A8: W5 Library implementation | B8: 2 | C8: Implemented in a TSI library (cleanTS, sktime, PyPOTS, ImputeGAP, …)
A9: W6 Recency threshold (year) | B9: 2023 | C9: Avg citation year must be ≥ this to earn recency bonus
A10: W7 Recency bonus | B10: 2 | C10: Added if avg citation year ≥ W6
A11: W8 Fully agnostic bonus | B11: 3 | C11: Metric applies to ALL algorithm types
A12: W9 Partial/constrained bonus | B12: 1 | C12: "Data Constraint" or "Partially Meaningful" — broadly applicable with caveats
A13: Agnostic bonus: "Agnostic" → W8 | "Data Constraint" or "Partially Meaningful" → W9 | "Specific (…)" → 0
A15: METRIC INFO | E15: RAW COUNTS | K15: SCORE COMPONENTS (count × weight) | R15: FINAL
A16: RANK | B16: Metric | C16: Full Name | D16: Agnostic vs Specific | E16: Ground Truth | F16: Venue Papers | G16: arXiv Papers | H16: Venue Algos | I16: arXiv Algos | J16: Libraries | K16: Avg Citation Year | L16: ×W1 VP Score | M16: ×W2 AP Score | N16: ×W3 VA Score | O16: ×W4 AA Score | P16: ×W5 Lib Score | Q16: W7 Recency | R16: W8/W9 Agnostic | S16: TOTAL SCORE
A17: =RANK(S17,$S$17:$S$38,0) -> 1 | B17: MAE | C17: Mean Absolute Error | D17: Agnostic | E17: Yes | F17: =SUMPRODUCT(('Imputation Metrics Properties'!$P$5:$Z$5="+1")*('Imputation Metrics Properties'!P7:Z7<>"")) -> 5 | G17: ='Imputation Metrics Properties'!G7-F17 -> 2 | H17: =SUMPRODUCT(('Imputation Metrics Properties'!$AA$5:$CB$5="+1")*ISNUMBER(SEARCH("IMP",'Imputation Metrics Properties'!AA7:CB7))) -> 25 | I17: ='Imputation Metrics Properties'!H7-H17 -> 3 | J17: ='Imputation Metrics Properties'!I7 -> 4 | K17: =IFERROR((SUMPRODUCT(('Imputation Metrics Properties'!P7:Z7<>"")*'Imputation Metrics Properties'!$P$6:$Z$6)+SUMPRODUCT(ISNUMBER(SEARCH("IMP",'Imputation Metrics Properties'!AA7:CB7))*'Imputation Metrics Properties'!$AA$6:$CB$6))/('Imputation Metrics Properties'!G7+'Imputation Metrics Properties'!H7),"") -> 2022.9143 | L17: =F17*$B$4 -> 15 | M17: =G17*$B$5 -> 2 | N17: =H17*$B$6 -> 25 | O17: =I17*$B$7 -> 1.5 | P17: =J17*$B$8 -> 8 | Q17: =IF(ISNUMBER(K17),IF(K17>=$B$9,$B$10,0),0) -> 0 | R17: =$B$11 -> 3 | S17: =SUM(L17:R17) -> 54.5
A18: =RANK(S18,$S$17:$S$38,0) -> 2 | B18: RMSE | C18: Root Mean Squared Error | D18: Agnostic | E18: Yes | F18: =SUMPRODUCT(('Imputation Metrics Properties'!$P$5:$Z$5="+1")*('Imputation Metrics Properties'!P8:Z8<>"")) -> 7 | G18: ='Imputation Metrics Properties'!G8-F18 -> 2 | H18: =SUMPRODUCT(('Imputation Metrics Properties'!$AA$5:$CB$5="+1")*ISNUMBER(SEARCH("IMP",'Imputation Metrics Properties'!AA8:CB8))) -> 19 | I18: ='Imputation Metrics Properties'!H8-H18 -> 1 | J18: ='Imputation Metrics Properties'!I8 -> 4 | K18: =IFERROR((SUMPRODUCT(('Imputation Metrics Properties'!P8:Z8<>"")*'Imputation Metrics Properties'!$P$6:$Z$6)+SUMPRODUCT(ISNUMBER(SEARCH("IMP",'Imputation Metrics Properties'!AA8:CB8))*'Imputation Metrics Properties'!$AA$6:$CB$6))/('Imputation Metrics Properties'!G8+'Imputation Metrics Properties'!H8),"") -> 2021.8276 | L18: =F18*$B$4 -> 21 | M18: =G18*$B$5 -> 2 | N18: =H18*$B$6 -> 19 | O18: =I18*$B$7 -> 0.5 | P18: =J18*$B$8 -> 8 | Q18: =IF(ISNUMBER(K18),IF(K18>=$B$9,$B$10,0),0) -> 0 | R18: =$B$11 -> 3 | S18: =SUM(L18:R18) -> 53.5
A19: =RANK(S19,$S$17:$S$38,0) -> 3 | B19: MSE | C19: Mean Squared Error | D19: Agnostic | E19: Yes | F19: =SUMPRODUCT(('Imputation Metrics Properties'!$P$5:$Z$5="+1")*('Imputation Metrics Properties'!P9:Z9<>"")) -> 2 | G19: ='Imputation Metrics Properties'!G9-F19 -> 1 | H19: =SUMPRODUCT(('Imputation Metrics Properties'!$AA$5:$CB$5="+1")*ISNUMBER(SEARCH("IMP",'Imputation Metrics Properties'!AA9:CB9))) -> 18 | I19: ='Imputation Metrics Properties'!H9-H19 -> 2 | J19: ='Imputation Metrics Properties'!I9 -> 2 | K19: =IFERROR((SUMPRODUCT(('Imputation Metrics Properties'!P9:Z9<>"")*'Imputation Metrics Properties'!$P$6:$Z$6)+SUMPRODUCT(ISNUMBER(SEARCH("IMP",'Imputation Metrics Properties'!AA9:CB9))*'Imputation Metrics Properties'!$AA$6:$CB$6))/('Imputation Metrics Properties'!G9+'Imputation Metrics Properties'!H9),"") -> 2021.5652 | L19: =F19*$B$4 -> 6 | M19: =G19*$B$5 -> 1 | N19: =H19*$B$6 -> 18 | O19: =I19*$B$7 -> 1 | P19: =J19*$B$8 -> 4 | Q19: =IF(ISNUMBER(K19),IF(K19>=$B$9,$B$10,0),0) -> 0 | R19: =$B$11 -> 3 | S19: =SUM(L19:R19) -> 33
A20: =RANK(S20,$S$17:$S$38,0) -> 4 | B20: MRE | C20: Mean Relative Error | D20: Data Constraint | E20: Yes | F20: =SUMPRODUCT(('Imputation Metrics Properties'!$P$5:$Z$5="+1")*('Imputation Metrics Properties'!P10:Z10<>"")) -> 1 | G20: ='Imputation Metrics Properties'!G10-F20 -> 0 | H20: =SUMPRODUCT(('Imputation Metrics Properties'!$AA$5:$CB$5="+1")*ISNUMBER(SEARCH("IMP",'Imputation Metrics Properties'!AA10:CB10))) -> 10 | I20: ='Imputation Metrics Properties'!H10-H20 -> 0 | J20: ='Imputation Metrics Properties'!I10 -> 1 | K20: =IFERROR((SUMPRODUCT(('Imputation Metrics Properties'!P10:Z10<>"")*'Imputation Metrics Properties'!$P$6:$Z$6)+SUMPRODUCT(ISNUMBER(SEARCH("IMP",'Imputation Metrics Properties'!AA10:CB10))*'Imputation Metrics Properties'!$AA$6:$CB$6))/('Imputation Metrics Properties'!G10+'Imputation Metrics Properties'!H10),"") -> 2022.4545 | L20: =F20*$B$4 -> 3 | M20: =G20*$B$5 -> 0 | N20: =H20*$B$6 -> 10 | O20: =I20*$B$7 -> 0 | P20: =J20*$B$8 -> 2 | Q20: =IF(ISNUMBER(K20),IF(K20>=$B$9,$B$10,0),0) -> 0 | R20: =$B$12 -> 1 | S20: =SUM(L20:R20) -> 16
A21: =RANK(S21,$S$17:$S$38,0) -> 6 | B21: MAPE | C21: Mean Absolute Percentage Error | D21: Agnostic | E21: Yes | F21: =SUMPRODUCT(('Imputation Metrics Properties'!$P$5:$Z$5="+1")*('Imputation Metrics Properties'!P11:Z11<>"")) -> 0 | G21: ='Imputation Metrics Properties'!G11-F21 -> 0 | H21: =SUMPRODUCT(('Imputation Metrics Properties'!$AA$5:$CB$5="+1")*ISNUMBER(SEARCH("IMP",'Imputation Metrics Properties'!AA11:CB11))) -> 1 | I21: ='Imputation Metrics Properties'!H11-H21 -> 0 | J21: ='Imputation Metrics Properties'!I11 -> 2 | K21: =IFERROR((SUMPRODUCT(('Imputation Metrics Properties'!P11:Z11<>"")*'Imputation Metrics Properties'!$P$6:$Z$6)+SUMPRODUCT(ISNUMBER(SEARCH("IMP",'Imputation Metrics Properties'!AA11:CB11))*'Imputation Metrics Properties'!$AA$6:$CB$6))/('Imputation Metrics Properties'!G11+'Imputation Metrics Properties'!H11),"") -> 2023 | L21: =F21*$B$4 -> 0 | M21: =G21*$B$5 -> 0 | N21: =H21*$B$6 -> 1 | O21: =I21*$B$7 -> 0 | P21: =J21*$B$8 -> 4 | Q21: =IF(ISNUMBER(K21),IF(K21>=$B$9,$B$10,0),0) -> 2 | R21: =$B$11 -> 3 | S21: =SUM(L21:R21) -> 10
A22: =RANK(S22,$S$17:$S$38,0) -> 5 | B22: WD | C22: Wasserstein Distance / EMD | D22: Agnostic | E22: No | F22: =SUMPRODUCT(('Imputation Metrics Properties'!$P$5:$Z$5="+1")*('Imputation Metrics Properties'!P14:Z14<>"")) -> 1 | G22: ='Imputation Metrics Properties'!G14-F22 -> 2 | H22: =SUMPRODUCT(('Imputation Metrics Properties'!$AA$5:$CB$5="+1")*ISNUMBER(SEARCH("IMP",'Imputation Metrics Properties'!AA14:CB14))) -> 1 | I22: ='Imputation Metrics Properties'!H14-H22 -> 0 | J22: ='Imputation Metrics Properties'!I14 -> 0 | K22: =IFERROR((SUMPRODUCT(('Imputation Metrics Properties'!P14:Z14<>"")*'Imputation Metrics Properties'!$P$6:$Z$6)+SUMPRODUCT(ISNUMBER(SEARCH("IMP",'Imputation Metrics Properties'!AA14:CB14))*'Imputation Metrics Properties'!$AA$6:$CB$6))/('Imputation Metrics Properties'!G14+'Imputation Metrics Properties'!H14),"") -> 2024 | L22: =F22*$B$4 -> 3 | M22: =G22*$B$5 -> 2 | N22: =H22*$B$6 -> 1 | O22: =I22*$B$7 -> 0 | P22: =J22*$B$8 -> 0 | Q22: =IF(ISNUMBER(K22),IF(K22>=$B$9,$B$10,0),0) -> 2 | R22: =$B$11 -> 3 | S22: =SUM(L22:R22) -> 11
A23: =RANK(S23,$S$17:$S$38,0) -> 18 | B23: Pearson | C23: Pearson Correlation | D23: Agnostic | E23: Yes | F23: =SUMPRODUCT(('Imputation Metrics Properties'!$P$5:$Z$5="+1")*('Imputation Metrics Properties'!P22:Z22<>"")) -> 0 | G23: ='Imputation Metrics Properties'!G22-F23 -> 0 | H23: =SUMPRODUCT(('Imputation Metrics Properties'!$AA$5:$CB$5="+1")*ISNUMBER(SEARCH("IMP",'Imputation Metrics Properties'!AA22:CB22))) -> 0 | I23: ='Imputation Metrics Properties'!H22-H23 -> 0 | J23: ='Imputation Metrics Properties'!I22 -> 1 | K23: =IFERROR((SUMPRODUCT(('Imputation Metrics Properties'!P22:Z22<>"")*'Imputation Metrics Properties'!$P$6:$Z$6)+SUMPRODUCT(ISNUMBER(SEARCH("IMP",'Imputation Metrics Properties'!AA22:CB22))*'Imputation Metrics Properties'!$AA$6:$CB$6))/('Imputation Metrics Properties'!G22+'Imputation Metrics Properties'!H22),"") | L23: =F23*$B$4 -> 0 | M23: =G23*$B$5 -> 0 | N23: =H23*$B$6 -> 0 | O23: =I23*$B$7 -> 0 | P23: =J23*$B$8 -> 2 | Q23: =IF(ISNUMBER(K23),IF(K23>=$B$9,$B$10,0),0) -> 0 | R23: =$B$11 -> 3 | S23: =SUM(L23:R23) -> 5
A24: =RANK(S24,$S$17:$S$38,0) -> 6 | B24: JSD | C24: Jensen-Shannon Divergence | D24: Agnostic | E24: No | F24: =SUMPRODUCT(('Imputation Metrics Properties'!$P$5:$Z$5="+1")*('Imputation Metrics Properties'!P15:Z15<>"")) -> 1 | G24: ='Imputation Metrics Properties'!G15-F24 -> 1 | H24: =SUMPRODUCT(('Imputation Metrics Properties'!$AA$5:$CB$5="+1")*ISNUMBER(SEARCH("IMP",'Imputation Metrics Properties'!AA15:CB15))) -> 1 | I24: ='Imputation Metrics Properties'!H15-H24 -> 0 | J24: ='Imputation Metrics Properties'!I15 -> 0 | K24: =IFERROR((SUMPRODUCT(('Imputation Metrics Properties'!P15:Z15<>"")*'Imputation Metrics Properties'!$P$6:$Z$6)+SUMPRODUCT(ISNUMBER(SEARCH("IMP",'Imputation Metrics Properties'!AA15:CB15))*'Imputation Metrics Properties'!$AA$6:$CB$6))/('Imputation Metrics Properties'!G15+'Imputation Metrics Properties'!H15),"") -> 2023 | L24: =F24*$B$4 -> 3 | M24: =G24*$B$5 -> 1 | N24: =H24*$B$6 -> 1 | O24: =I24*$B$7 -> 0 | P24: =J24*$B$8 -> 0 | Q24: =IF(ISNUMBER(K24),IF(K24>=$B$9,$B$10,0),0) -> 2 | R24: =$B$11 -> 3 | S24: =SUM(L24:R24) -> 10
A25: =RANK(S25,$S$17:$S$38,0) -> 6 | B25: MI | C25: Mutual Information | D25: Agnostic | E25: Yes | F25: =SUMPRODUCT(('Imputation Metrics Properties'!$P$5:$Z$5="+1")*('Imputation Metrics Properties'!P23:Z23<>"")) -> 1 | G25: ='Imputation Metrics Properties'!G23-F25 -> 0 | H25: =SUMPRODUCT(('Imputation Metrics Properties'!$AA$5:$CB$5="+1")*ISNUMBER(SEARCH("IMP",'Imputation Metrics Properties'!AA23:CB23))) -> 0 | I25: ='Imputation Metrics Properties'!H23-H25 -> 0 | J25: ='Imputation Metrics Properties'!I23 -> 1 | K25: =IFERROR((SUMPRODUCT(('Imputation Metrics Properties'!P23:Z23<>"")*'Imputation Metrics Properties'!$P$6:$Z$6)+SUMPRODUCT(ISNUMBER(SEARCH("IMP",'Imputation Metrics Properties'!AA23:CB23))*'Imputation Metrics Properties'!$AA$6:$CB$6))/('Imputation Metrics Properties'!G23+'Imputation Metrics Properties'!H23),"") -> 2026 | L25: =F25*$B$4 -> 3 | M25: =G25*$B$5 -> 0 | N25: =H25*$B$6 -> 0 | O25: =I25*$B$7 -> 0 | P25: =J25*$B$8 -> 2 | Q25: =IF(ISNUMBER(K25),IF(K25>=$B$9,$B$10,0),0) -> 2 | R25: =$B$11 -> 3 | S25: =SUM(L25:R25) -> 10
A26: =RANK(S26,$S$17:$S$38,0) -> 10 | B26: R² | C26: Coefficient of Determination | D26: Agnostic | E26: Yes | F26: =SUMPRODUCT(('Imputation Metrics Properties'!$P$5:$Z$5="+1")*('Imputation Metrics Properties'!P24:Z24<>"")) -> 1 | G26: ='Imputation Metrics Properties'!G24-F26 -> 0 | H26: =SUMPRODUCT(('Imputation Metrics Properties'!$AA$5:$CB$5="+1")*ISNUMBER(SEARCH("IMP",'Imputation Metrics Properties'!AA24:CB24))) -> 1 | I26: ='Imputation Metrics Properties'!H24-H26 -> 0 | J26: ='Imputation Metrics Properties'!I24 -> 0 | K26: =IFERROR((SUMPRODUCT(('Imputation Metrics Properties'!P24:Z24<>"")*'Imputation Metrics Properties'!$P$6:$Z$6)+SUMPRODUCT(ISNUMBER(SEARCH("IMP",'Imputation Metrics Properties'!AA24:CB24))*'Imputation Metrics Properties'!$AA$6:$CB$6))/('Imputation Metrics Properties'!G24+'Imputation Metrics Properties'!H24),"") -> 2023.5 | L26: =F26*$B$4 -> 3 | M26: =G26*$B$5 -> 0 | N26: =H26*$B$6 -> 1 | O26: =I26*$B$7 -> 0 | P26: =J26*$B$8 -> 0 | Q26: =IF(ISNUMBER(K26),IF(K26>=$B$9,$B$10,0),0) -> 2 | R26: =$B$11 -> 3 | S26: =SUM(L26:R26) -> 9
A27: =RANK(S27,$S$17:$S$38,0) -> 6 | B27: CRPS | C27: Continuous Ranked Probability Score | D27: Specific (Probabilistic Algorithms Only) | E27: Yes | F27: =SUMPRODUCT(('Imputation Metrics Properties'!$P$5:$Z$5="+1")*('Imputation Metrics Properties'!P17:Z17<>"")) -> 0 | G27: ='Imputation Metrics Properties'!G17-F27 -> 0 | H27: =SUMPRODUCT(('Imputation Metrics Properties'!$AA$5:$CB$5="+1")*ISNUMBER(SEARCH("IMP",'Imputation Metrics Properties'!AA17:CB17))) -> 6 | I27: ='Imputation Metrics Properties'!H17-H27 -> 0 | J27: ='Imputation Metrics Properties'!I17 -> 1 | K27: =IFERROR((SUMPRODUCT(('Imputation Metrics Properties'!P17:Z17<>"")*'Imputation Metrics Properties'!$P$6:$Z$6)+SUMPRODUCT(ISNUMBER(SEARCH("IMP",'Imputation Metrics Properties'!AA17:CB17))*'Imputation Metrics Properties'!$AA$6:$CB$6))/('Imputation Metrics Properties'!G17+'Imputation Metrics Properties'!H17),"") -> 2023.3333 | L27: =F27*$B$4 -> 0 | M27: =G27*$B$5 -> 0 | N27: =H27*$B$6 -> 6 | O27: =I27*$B$7 -> 0 | P27: =J27*$B$8 -> 2 | Q27: =IF(ISNUMBER(K27),IF(K27>=$B$9,$B$10,0),0) -> 2 | R27: =0 -> 0 | S27: =SUM(L27:R27) -> 10
A28: =RANK(S28,$S$17:$S$38,0) -> 10 | B28: ACF | C28: Autocorrelation Function | D28: Agnostic | E28: Yes | F28: =SUMPRODUCT(('Imputation Metrics Properties'!$P$5:$Z$5="+1")*('Imputation Metrics Properties'!P19:Z19<>"")) -> 1 | G28: ='Imputation Metrics Properties'!G19-F28 -> 1 | H28: =SUMPRODUCT(('Imputation Metrics Properties'!$AA$5:$CB$5="+1")*ISNUMBER(SEARCH("IMP",'Imputation Metrics Properties'!AA19:CB19))) -> 0 | I28: ='Imputation Metrics Properties'!H19-H28 -> 0 | J28: ='Imputation Metrics Properties'!I19 -> 0 | K28: =IFERROR((SUMPRODUCT(('Imputation Metrics Properties'!P19:Z19<>"")*'Imputation Metrics Properties'!$P$6:$Z$6)+SUMPRODUCT(ISNUMBER(SEARCH("IMP",'Imputation Metrics Properties'!AA19:CB19))*'Imputation Metrics Properties'!$AA$6:$CB$6))/('Imputation Metrics Properties'!G19+'Imputation Metrics Properties'!H19),"") -> 2024.5 | L28: =F28*$B$4 -> 3 | M28: =G28*$B$5 -> 1 | N28: =H28*$B$6 -> 0 | O28: =I28*$B$7 -> 0 | P28: =J28*$B$8 -> 0 | Q28: =IF(ISNUMBER(K28),IF(K28>=$B$9,$B$10,0),0) -> 2 | R28: =$B$11 -> 3 | S28: =SUM(L28:R28) -> 9
A29: =RANK(S29,$S$17:$S$38,0) -> 12 | B29: TOST | C29: Two One-Sided Tests | D29: Agnostic | E29: Yes | F29: =SUMPRODUCT(('Imputation Metrics Properties'!$P$5:$Z$5="+1")*('Imputation Metrics Properties'!P25:Z25<>"")) -> 1 | G29: ='Imputation Metrics Properties'!G25-F29 -> 0 | H29: =SUMPRODUCT(('Imputation Metrics Properties'!$AA$5:$CB$5="+1")*ISNUMBER(SEARCH("IMP",'Imputation Metrics Properties'!AA25:CB25))) -> 0 | I29: ='Imputation Metrics Properties'!H25-H29 -> 0 | J29: ='Imputation Metrics Properties'!I25 -> 0 | K29: =IFERROR((SUMPRODUCT(('Imputation Metrics Properties'!P25:Z25<>"")*'Imputation Metrics Properties'!$P$6:$Z$6)+SUMPRODUCT(ISNUMBER(SEARCH("IMP",'Imputation Metrics Properties'!AA25:CB25))*'Imputation Metrics Properties'!$AA$6:$CB$6))/('Imputation Metrics Properties'!G25+'Imputation Metrics Properties'!H25),"") -> 2025 | L29: =F29*$B$4 -> 3 | M29: =G29*$B$5 -> 0 | N29: =H29*$B$6 -> 0 | O29: =I29*$B$7 -> 0 | P29: =J29*$B$8 -> 0 | Q29: =IF(ISNUMBER(K29),IF(K29>=$B$9,$B$10,0),0) -> 2 | R29: =$B$11 -> 3 | S29: =SUM(L29:R29) -> 8
A30: =RANK(S30,$S$17:$S$38,0) -> 12 | B30: B-A | C30: Bland-Altman Analysis | D30: Agnostic | E30: Yes | F30: =SUMPRODUCT(('Imputation Metrics Properties'!$P$5:$Z$5="+1")*('Imputation Metrics Properties'!P26:Z26<>"")) -> 1 | G30: ='Imputation Metrics Properties'!G26-F30 -> 0 | H30: =SUMPRODUCT(('Imputation Metrics Properties'!$AA$5:$CB$5="+1")*ISNUMBER(SEARCH("IMP",'Imputation Metrics Properties'!AA26:CB26))) -> 0 | I30: ='Imputation Metrics Properties'!H26-H30 -> 0 | J30: ='Imputation Metrics Properties'!I26 -> 0 | K30: =IFERROR((SUMPRODUCT(('Imputation Metrics Properties'!P26:Z26<>"")*'Imputation Metrics Properties'!$P$6:$Z$6)+SUMPRODUCT(ISNUMBER(SEARCH("IMP",'Imputation Metrics Properties'!AA26:CB26))*'Imputation Metrics Properties'!$AA$6:$CB$6))/('Imputation Metrics Properties'!G26+'Imputation Metrics Properties'!H26),"") -> 2026 | L30: =F30*$B$4 -> 3 | M30: =G30*$B$5 -> 0 | N30: =H30*$B$6 -> 0 | O30: =I30*$B$7 -> 0 | P30: =J30*$B$8 -> 0 | Q30: =IF(ISNUMBER(K30),IF(K30>=$B$9,$B$10,0),0) -> 2 | R30: =$B$11 -> 3 | S30: =SUM(L30:R30) -> 8
A31: =RANK(S31,$S$17:$S$38,0) -> 14 | B31: nRMSE | C31: Normalized RMSE | D31: Agnostic | E31: Yes | F31: =SUMPRODUCT(('Imputation Metrics Properties'!$P$5:$Z$5="+1")*('Imputation Metrics Properties'!P12:Z12<>"")) -> 0 | G31: ='Imputation Metrics Properties'!G12-F31 -> 0 | H31: =SUMPRODUCT(('Imputation Metrics Properties'!$AA$5:$CB$5="+1")*ISNUMBER(SEARCH("IMP",'Imputation Metrics Properties'!AA12:CB12))) -> 4 | I31: ='Imputation Metrics Properties'!H12-H31 -> 0 | J31: ='Imputation Metrics Properties'!I12 -> 0 | K31: =IFERROR((SUMPRODUCT(('Imputation Metrics Properties'!P12:Z12<>"")*'Imputation Metrics Properties'!$P$6:$Z$6)+SUMPRODUCT(ISNUMBER(SEARCH("IMP",'Imputation Metrics Properties'!AA12:CB12))*'Imputation Metrics Properties'!$AA$6:$CB$6))/('Imputation Metrics Properties'!G12+'Imputation Metrics Properties'!H12),"") -> 2012.25 | L31: =F31*$B$4 -> 0 | M31: =G31*$B$5 -> 0 | N31: =H31*$B$6 -> 4 | O31: =I31*$B$7 -> 0 | P31: =J31*$B$8 -> 0 | Q31: =IF(ISNUMBER(K31),IF(K31>=$B$9,$B$10,0),0) -> 0 | R31: =$B$11 -> 3 | S31: =SUM(L31:R31) -> 7
A32: =RANK(S32,$S$17:$S$38,0) -> 14 | B32: KLD | C32: KL Divergence | D32: Agnostic | E32: No | F32: =SUMPRODUCT(('Imputation Metrics Properties'!$P$5:$Z$5="+1")*('Imputation Metrics Properties'!P16:Z16<>"")) -> 1 | G32: ='Imputation Metrics Properties'!G16-F32 -> 0 | H32: =SUMPRODUCT(('Imputation Metrics Properties'!$AA$5:$CB$5="+1")*ISNUMBER(SEARCH("IMP",'Imputation Metrics Properties'!AA16:CB16))) -> 1 | I32: ='Imputation Metrics Properties'!H16-H32 -> 0 | J32: ='Imputation Metrics Properties'!I16 -> 0 | K32: =IFERROR((SUMPRODUCT(('Imputation Metrics Properties'!P16:Z16<>"")*'Imputation Metrics Properties'!$P$6:$Z$6)+SUMPRODUCT(ISNUMBER(SEARCH("IMP",'Imputation Metrics Properties'!AA16:CB16))*'Imputation Metrics Properties'!$AA$6:$CB$6))/('Imputation Metrics Properties'!G16+'Imputation Metrics Properties'!H16),"") -> 2022 | L32: =F32*$B$4 -> 3 | M32: =G32*$B$5 -> 0 | N32: =H32*$B$6 -> 1 | O32: =I32*$B$7 -> 0 | P32: =J32*$B$8 -> 0 | Q32: =IF(ISNUMBER(K32),IF(K32>=$B$9,$B$10,0),0) -> 0 | R32: =$B$11 -> 3 | S32: =SUM(L32:R32) -> 7
A33: =RANK(S33,$S$17:$S$38,0) -> 14 | B33: DTW | C33: Dynamic Time Warping | D33: Agnostic | E33: Yes | F33: =SUMPRODUCT(('Imputation Metrics Properties'!$P$5:$Z$5="+1")*('Imputation Metrics Properties'!P20:Z20<>"")) -> 0 | G33: ='Imputation Metrics Properties'!G20-F33 -> 1 | H33: =SUMPRODUCT(('Imputation Metrics Properties'!$AA$5:$CB$5="+1")*ISNUMBER(SEARCH("IMP",'Imputation Metrics Properties'!AA20:CB20))) -> 1 | I33: ='Imputation Metrics Properties'!H20-H33 -> 0 | J33: ='Imputation Metrics Properties'!I20 -> 0 | K33: =IFERROR((SUMPRODUCT(('Imputation Metrics Properties'!P20:Z20<>"")*'Imputation Metrics Properties'!$P$6:$Z$6)+SUMPRODUCT(ISNUMBER(SEARCH("IMP",'Imputation Metrics Properties'!AA20:CB20))*'Imputation Metrics Properties'!$AA$6:$CB$6))/('Imputation Metrics Properties'!G20+'Imputation Metrics Properties'!H20),"") -> 2023.5 | L33: =F33*$B$4 -> 0 | M33: =G33*$B$5 -> 1 | N33: =H33*$B$6 -> 1 | O33: =I33*$B$7 -> 0 | P33: =J33*$B$8 -> 0 | Q33: =IF(ISNUMBER(K33),IF(K33>=$B$9,$B$10,0),0) -> 2 | R33: =$B$11 -> 3 | S33: =SUM(L33:R33) -> 7
A34: =RANK(S34,$S$17:$S$38,0) -> 17 | B34: CDT | C34: Cohen's Distance Test | D34: Agnostic | E34: Yes | F34: =SUMPRODUCT(('Imputation Metrics Properties'!$P$5:$Z$5="+1")*('Imputation Metrics Properties'!P27:Z27<>"")) -> 1 | G34: ='Imputation Metrics Properties'!G27-F34 -> 0 | H34: =SUMPRODUCT(('Imputation Metrics Properties'!$AA$5:$CB$5="+1")*ISNUMBER(SEARCH("IMP",'Imputation Metrics Properties'!AA27:CB27))) -> 0 | I34: ='Imputation Metrics Properties'!H27-H34 -> 0 | J34: ='Imputation Metrics Properties'!I27 -> 0 | K34: =IFERROR((SUMPRODUCT(('Imputation Metrics Properties'!P27:Z27<>"")*'Imputation Metrics Properties'!$P$6:$Z$6)+SUMPRODUCT(ISNUMBER(SEARCH("IMP",'Imputation Metrics Properties'!AA27:CB27))*'Imputation Metrics Properties'!$AA$6:$CB$6))/('Imputation Metrics Properties'!G27+'Imputation Metrics Properties'!H27),"") -> 2022 | L34: =F34*$B$4 -> 3 | M34: =G34*$B$5 -> 0 | N34: =H34*$B$6 -> 0 | O34: =I34*$B$7 -> 0 | P34: =J34*$B$8 -> 0 | Q34: =IF(ISNUMBER(K34),IF(K34>=$B$9,$B$10,0),0) -> 0 | R34: =$B$11 -> 3 | S34: =SUM(L34:R34) -> 6
A35: =RANK(S35,$S$17:$S$38,0) -> 21 | B35: NLL/K | C35: Negative Log-Likelihood (K) | D35: Specific (Probabilistic Algorithms Only) | E35: Yes | F35: =SUMPRODUCT(('Imputation Metrics Properties'!$P$5:$Z$5="+1")*('Imputation Metrics Properties'!P18:Z18<>"")) -> 0 | G35: ='Imputation Metrics Properties'!G18-F35 -> 0 | H35: =SUMPRODUCT(('Imputation Metrics Properties'!$AA$5:$CB$5="+1")*ISNUMBER(SEARCH("IMP",'Imputation Metrics Properties'!AA18:CB18))) -> 3 | I35: ='Imputation Metrics Properties'!H18-H35 -> 0 | J35: ='Imputation Metrics Properties'!I18 -> 0 | K35: =IFERROR((SUMPRODUCT(('Imputation Metrics Properties'!P18:Z18<>"")*'Imputation Metrics Properties'!$P$6:$Z$6)+SUMPRODUCT(ISNUMBER(SEARCH("IMP",'Imputation Metrics Properties'!AA18:CB18))*'Imputation Metrics Properties'!$AA$6:$CB$6))/('Imputation Metrics Properties'!G18+'Imputation Metrics Properties'!H18),"") -> 2022.6667 | L35: =F35*$B$4 -> 0 | M35: =G35*$B$5 -> 0 | N35: =H35*$B$6 -> 3 | O35: =I35*$B$7 -> 0 | P35: =J35*$B$8 -> 0 | Q35: =IF(ISNUMBER(K35),IF(K35>=$B$9,$B$10,0),0) -> 0 | R35: =0 -> 0 | S35: =SUM(L35:R35) -> 3
A36: =RANK(S36,$S$17:$S$38,0) -> 19 | B36: S-MAE | C36: Scaled MAE | D36: Partially Meaningful | E36: Yes | F36: =SUMPRODUCT(('Imputation Metrics Properties'!$P$5:$Z$5="+1")*('Imputation Metrics Properties'!P21:Z21<>"")) -> 0 | G36: ='Imputation Metrics Properties'!G21-F36 -> 0 | H36: =SUMPRODUCT(('Imputation Metrics Properties'!$AA$5:$CB$5="+1")*ISNUMBER(SEARCH("IMP",'Imputation Metrics Properties'!AA21:CB21))) -> 1 | I36: ='Imputation Metrics Properties'!H21-H36 -> 0 | J36: ='Imputation Metrics Properties'!I21 -> 0 | K36: =IFERROR((SUMPRODUCT(('Imputation Metrics Properties'!P21:Z21<>"")*'Imputation Metrics Properties'!$P$6:$Z$6)+SUMPRODUCT(ISNUMBER(SEARCH("IMP",'Imputation Metrics Properties'!AA21:CB21))*'Imputation Metrics Properties'!$AA$6:$CB$6))/('Imputation Metrics Properties'!G21+'Imputation Metrics Properties'!H21),"") -> 2025 | L36: =F36*$B$4 -> 0 | M36: =G36*$B$5 -> 0 | N36: =H36*$B$6 -> 1 | O36: =I36*$B$7 -> 0 | P36: =J36*$B$8 -> 0 | Q36: =IF(ISNUMBER(K36),IF(K36>=$B$9,$B$10,0),0) -> 2 | R36: =$B$12 -> 1 | S36: =SUM(L36:R36) -> 4
A37: =RANK(S37,$S$17:$S$38,0) -> 19 | B37: ND | C37: Normalized Deviation | D37: Agnostic | E37: Yes | F37: =SUMPRODUCT(('Imputation Metrics Properties'!$P$5:$Z$5="+1")*('Imputation Metrics Properties'!P13:Z13<>"")) -> 0 | G37: ='Imputation Metrics Properties'!G13-F37 -> 0 | H37: =SUMPRODUCT(('Imputation Metrics Properties'!$AA$5:$CB$5="+1")*ISNUMBER(SEARCH("IMP",'Imputation Metrics Properties'!AA13:CB13))) -> 1 | I37: ='Imputation Metrics Properties'!H13-H37 -> 0 | J37: ='Imputation Metrics Properties'!I13 -> 0 | K37: =IFERROR((SUMPRODUCT(('Imputation Metrics Properties'!P13:Z13<>"")*'Imputation Metrics Properties'!$P$6:$Z$6)+SUMPRODUCT(ISNUMBER(SEARCH("IMP",'Imputation Metrics Properties'!AA13:CB13))*'Imputation Metrics Properties'!$AA$6:$CB$6))/('Imputation Metrics Properties'!G13+'Imputation Metrics Properties'!H13),"") -> 2016 | L37: =F37*$B$4 -> 0 | M37: =G37*$B$5 -> 0 | N37: =H37*$B$6 -> 1 | O37: =I37*$B$7 -> 0 | P37: =J37*$B$8 -> 0 | Q37: =IF(ISNUMBER(K37),IF(K37>=$B$9,$B$10,0),0) -> 0 | R37: =$B$11 -> 3 | S37: =SUM(L37:R37) -> 4
A38: =RANK(S38,$S$17:$S$38,0) -> 22 | B38: PFC | C38: PFC | D38: Specific (Categorical Variables Only) | E38: Yes | F38: =SUMPRODUCT(('Imputation Metrics Properties'!$P$5:$Z$5="+1")*('Imputation Metrics Properties'!P28:Z28<>"")) -> 0 | G38: ='Imputation Metrics Properties'!G28-F38 -> 0 | H38: =SUMPRODUCT(('Imputation Metrics Properties'!$AA$5:$CB$5="+1")*ISNUMBER(SEARCH("IMP",'Imputation Metrics Properties'!AA28:CB28))) -> 1 | I38: ='Imputation Metrics Properties'!H28-H38 -> 0 | J38: ='Imputation Metrics Properties'!I28 -> 0 | K38: =IFERROR((SUMPRODUCT(('Imputation Metrics Properties'!P28:Z28<>"")*'Imputation Metrics Properties'!$P$6:$Z$6)+SUMPRODUCT(ISNUMBER(SEARCH("IMP",'Imputation Metrics Properties'!AA28:CB28))*'Imputation Metrics Properties'!$AA$6:$CB$6))/('Imputation Metrics Properties'!G28+'Imputation Metrics Properties'!H28),"") -> 2012 | L38: =F38*$B$4 -> 0 | M38: =G38*$B$5 -> 0 | N38: =H38*$B$6 -> 1 | O38: =I38*$B$7 -> 0 | P38: =J38*$B$8 -> 0 | Q38: =IF(ISNUMBER(K38),IF(K38>=$B$9,$B$10,0),0) -> 0 | R38: =0 -> 0 | S38: =SUM(L38:R38) -> 1

Sheet Final Ranking
A1: Rank | B1: Metric | C1: Full Name | D1: Category | E1: Algorithm Agnostic | F1: Ground Truth | G1: Comment
A2: =INDEX(Scoring!$A$17:$A$38,MATCH(B2,Scoring!$B$17:$B$38,0)) -> 1 | B2: MAE | C2: Mean Absolute Error | D2: Pointwise Distance | E2: Agnostic | F2: Yes | G2: implemented - interesting
A3: =INDEX(Scoring!$A$17:$A$38,MATCH(B3,Scoring!$B$17:$B$38,0)) -> 2 | B3: RMSE | C3: Root Mean Squared Error | D3: Pointwise Distance | E3: Agnostic | F3: Yes | G3: implemented - interesting
A4: =INDEX(Scoring!$A$17:$A$38,MATCH(B4,Scoring!$B$17:$B$38,0)) -> 3 | B4: MSE | C4: Mean Squared Error | D4: Pointwise Distance | E4: Agnostic | F4: Yes | G4: behaves like RMSE - not necessarily interesting for my analysis
A5: =INDEX(Scoring!$A$17:$A$38,MATCH(B5,Scoring!$B$17:$B$38,0)) -> 4 | B5: MRE | C5: Mean Relative Error | D5: Pointwise Distance | E5: Data Constraint | F5: Yes | G5: not implemented - interesting
A6: =INDEX(Scoring!$A$17:$A$38,MATCH(B6,Scoring!$B$17:$B$38,0)) -> 5 | B6: WD | C6: Wasserstein Distance / EMD | D6: Distributional Divergence | E6: Agnostic | F6: No | G6: not implemented - interesting
A7: =INDEX(Scoring!$A$17:$A$38,MATCH(B7,Scoring!$B$17:$B$38,0)) -> 6 | B7: MAPE | C7: Mean Absolute Percentage Error | D7: Pointwise Distance | E7: Agnostic | F7: Yes | G7: behaves like MAE - not necessarily interesting for my analysis
A8: =INDEX(Scoring!$A$17:$A$38,MATCH(B8,Scoring!$B$17:$B$38,0)) -> 6 | B8: JSD | C8: Jensen-Shannon Divergence | D8: Distributional Divergence | E8: Agnostic | F8: No | G8: not implemented - interesting
A9: =INDEX(Scoring!$A$17:$A$38,MATCH(B9,Scoring!$B$17:$B$38,0)) -> 6 | B9: MI | C9: Mutual Information | D9: Statistical Agreement | E9: Agnostic | F9: Yes | G9: implemented - interesting
A10: =INDEX(Scoring!$A$17:$A$38,MATCH(B10,Scoring!$B$17:$B$38,0)) -> 6 | B10: CRPS | C10: Continuous Ranked Probability Score | D10: Probabilistic | E10: Specific (Probabilistic Algorithms Only) | F10: Yes | G10: not implemented - interesting
A11: =INDEX(Scoring!$A$17:$A$38,MATCH(B11,Scoring!$B$17:$B$38,0)) -> 10 | B11: R² | C11: Coefficient of Determination | D11: Statistical Agreement | E11: Agnostic | F11: Yes | G11: not implemented - interesting
A12: =INDEX(Scoring!$A$17:$A$38,MATCH(B12,Scoring!$B$17:$B$38,0)) -> 10 | B12: ACF | C12: Autocorrelation Function | D12: Temporal Structure | E12: Agnostic | F12: Yes | G12: not implemented - interesting
A13: =INDEX(Scoring!$A$17:$A$38,MATCH(B13,Scoring!$B$17:$B$38,0)) -> 12 | B13: TOST | C13: Two One-Sided Tests | D13: Statistical Agreement | E13: Agnostic | F13: Yes | G13: not implemented - interesting
... A23: =INDEX(Scoring!$A$17:$A$38,MATCH(B23,Scoring!$B$17:$B$38,0)) -> 22 | B23: PFC | C23: PFC | D23: Domain-specific | E23: Specific (Categorical Variables Only) | F23: Yes | G23: not implemented - interesting
